{
  "apdcl_bmax10": {
    "recall": 0.02139000631134936,
    "ndcg": 0.011016033145835949,
    "coverage": 0.10580408824344668,
    "gini": 0.9910491874796301,
    "arp": 6.125757849533552,
    "tail_exposure": 0.00013643840507329846
  },
  "dcd": {
    "recall": 0.016428784880686838,
    "ndcg": 0.008569196850268123,
    "coverage": 0.1118641672690512,
    "gini": 0.9891529209705294,
    "arp": 6.160573229199146,
    "tail_exposure": 6.84317234168257e-05
  },
  "dice": {
    "recall": 0.018139541090462726,
    "ndcg": 0.009363023804845199,
    "coverage": 0.20089841350935644,
    "gini": 0.9837365422469105,
    "arp": 5.988191510927725,
    "tail_exposure": 0.0006613649791091975
  },
  "invcf": {
    "recall": 0.01776195652639988,
    "ndcg": 0.00904543708623026,
    "coverage": 0.18131865145577772,
    "gini": 0.9877705998927222,
    "arp": 6.153447868920944,
    "tail_exposure": 0.0017205690459087604
  },
  "paac": {
    "recall": 0.01800737134692651,
    "ndcg": 0.0093973102706636,
    "coverage": 0.02439249745911485,
    "gini": 0.998342938153067,
    "arp": 6.8509395542380505,
    "tail_exposure": 0.00014047630179665153
  },
  "pdcl_b05": {
    "recall": 0.021282574442104105,
    "ndcg": 0.010962008844886196,
    "coverage": 0.0928007348185509,
    "gini": 0.9915547301497255,
    "arp": 6.132650569921979,
    "tail_exposure": 0.00011221102473318004
  }
}