{
  "apdcl_bmax10": {
    "recall": 0.06970082127208257,
    "ndcg": 0.03755862659834231,
    "coverage": 0.25410963736418796,
    "gini": 0.9443970145674543,
    "arp": 5.43965014290501,
    "tail_exposure": 0.1801426914738063
  },
  "dcd": {
    "recall": 0.06787649167521118,
    "ndcg": 0.03658902590901029,
    "coverage": 0.26994849724848313,
    "gini": 0.9323533776710726,
    "arp": 5.312776425934826,
    "tail_exposure": 0.18193062068270055
  },
  "dice": {
    "recall": 0.05782166084973935,
    "ndcg": 0.030765092082016825,
    "coverage": 0.15685409905460704,
    "gini": 0.974359268140689,
    "arp": 5.724736726935791,
    "tail_exposure": 0.17225936570362527
  },
  "invcf": {
    "recall": 0.053558222143182906,
    "ndcg": 0.028546205875129075,
    "coverage": 0.1352299985889657,
    "gini": 0.9779947918017747,
    "arp": 5.7083492399264415,
    "tail_exposure": 0.32213280895477236
  },
  "paac": {
    "recall": 0.06811317668664324,
    "ndcg": 0.03701010665295108,
    "coverage": 0.12755749964724142,
    "gini": 0.9647479632571301,
    "arp": 5.601224152366329,
    "tail_exposure": 0.17553521907931224
  },
  "pdcl_b05": {
    "recall": 0.06937561861361193,
    "ndcg": 0.037549106626005475,
    "coverage": 0.24021094962607592,
    "gini": 0.9479613061827998,
    "arp": 5.4514308807817535,
    "tail_exposure": 0.1796157918620481
  }
}